{
  "human_pinch_distance_mean": 0.0,
  "robot_thumb_index_distance_mean": -0.03282014926008657,
  "final_fingertip_error": -0.02294412159912103,
  "pinch_success_rate": -0.055429497568881686,
  "contact_success_rate": -0.023014586709886556,
  "object_slip_rate": 0.0,
  "control_smoothness": -0.00011065255606857068,
  "teleoperation_latency_mean_s": 0.0
}