{
  "human_pinch_distance_mean": 0.0,
  "robot_thumb_index_distance_mean": -0.008682132310364202,
  "final_fingertip_error": -2.475797344914099e-14,
  "pinch_success_rate": 0.12220421393841167,
  "contact_success_rate": 0.07714748784440843,
  "object_slip_rate": 0.0,
  "control_smoothness": 0.0009334532436089931,
  "teleoperation_latency_mean_s": 0.0
}