{
  "human_pinch_distance_mean": 0.07561927784623422,
  "robot_thumb_index_distance_mean": 0.11694969052529047,
  "final_fingertip_error": 0.028198632517468417,
  "pinch_success_rate": 0.05575364667747164,
  "contact_success_rate": 0.0,
  "object_slip_rate": 0.0,
  "control_smoothness": 0.014773313279545059,
  "teleoperation_latency_mean_s": 0.0
}